Supplier [Name,CpvCodes,,,,,,,,,,,,,,,,
[Vodafone Limited,32412100,,,,,,,,,,,,,,,,
[DWF LLP,79100000,,,,,,,,,,,,,,,,
[Kenyons,79000000,,,,,,,,,,,,,,,,
[Morgan Sindall,38551000,,,,,,,,,,,,,,,,
"[METROBUS LIMITED ,",60112000,,,,,,,,,,,,,,,,
[ACUME,75231100,,,,,,,,,,,,,,,,
[Sodexo Motivation Solutions Ltd,66172000,,,,,,,,,,,,,,,,
[European Electronique,72222300,,,,,,,,,,,,,,,,
[Hobson & Porter Ltd,45210000,45216125,,,,,,,,,,,,,,,
[Wilmott Dixon Housing Ltd,45000000,,,,,,,,,,,,,,,,
[Aldenmat Ltd (t/a Hockley Medical Practice Pharmacy),85323000,,,,,,,,,,,,,,,,
[AI Recruitment Technologies Limited,48100000,,,,,,,,,,,,,,,,
[Brass Age Limited t/a BA Systems Limited,71310000,,,,,,,,,,,,,,,,
[Unit 4 Business software Limited,72000000,,,,,,,,,,,,,,,,
[TAYLOR FRENCH DEVELOPMENTS LIMITED,70333000,,,,,,,,,,,,,,,,
[CORPORATE TRAVEL MANAGEMENT (NORTH) LIMITED,55110000,63516000,,,,,,,,,,,,,,,
[Colas Limited,45000000,,,,,,,,,,,,,,,,
[Mercer Tree Services Ltd,3000000,77000000,,,,,,,,,,,,,,,
[Maid Marrisons Ltd,45261320,,,,,,,,,,,,,,,,
[Broadoak Properties,45000000,,,,,,,,,,,,,,,,
[TUNSTALL HEALTHCARE UK,45215100,,,,,,,,,,,,,,,,
[Enviromental Essentials,90650000,,,,,,,,,,,,,,,,
[MARIE STOPES INTERNATIONAL,75211200,,,,,,,,,,,,,,,,
[Crown Cars (Derby) Ltd,60000000,,,,,,,,,,,,,,,,
[Naweed Razaq,60000000,,,,,,,,,,,,,,,,
[Sajad Hussain,60000000,,,,,,,,,,,,,,,,
[Sajad Hussain,60000000,,,,,,,,,,,,,,,,
[Swift Cabs Midland Ltd,60000000,,,,,,,,,,,,,,,,
[Lower Grove Guest House,55110000,,,,,,,,,,,,,,,,
[The Public Sector leaflet Company,22000000,79800000,,,,,,,,,,,,,,,
[Agilent Technologies LDA UK Ltd,50000000,,,,,,,,,,,,,,,,
[Swift Cabs Midland Ltd,60000000,,,,,,,,,,,,,,,,
[Swift Cabs Midland Ltd,60000000,,,,,,,,,,,,,,,,
[Tarmac Trading Limited,45200000,,,,,,,,,,,,,,,,
[Aebi Schmidt UK Ltd,34000000,50000000,50230000,50232000,50232100,50232110,45316110,,,,,,,,,,
[C R Reynolds Ltd,45000000,,,,,,,,,,,,,,,,
[Association of Directors of Adult Social Services,72221000,,,,,,,,,,,,,,,,
[INSIGHT DIRECT (UK) LTD,72000000,,,,,,,,,,,,,,,,
[Henderson's Insurance Brokers Ltd,66518100,,,,,,,,,,,,,,,,
[NACD Ltd,71310000,,,,,,,,,,,,,,,,
[Basic Concept Architectural Services,45000000,,,,,,,,,,,,,,,,
[Impulse Engineering Ltd,34998000,,,,,,,,,,,,,,,,
[Ernst & Young LLP,73000000,,,,,,,,,,,,,,,,
[PricewaterhouseCoopers Private Limited,73000000,,,,,,,,,,,,,,,,
[KPMG in India (KPMG Advisory Services),73000000,,,,,,,,,,,,,,,,
[Visick Cars Ltd,60120000,,,,,,,,,,,,,,,,
[Air Charter Services Plc,75211200,,,,,,,,,,,,,,,,
[Neopost Limited,79999100,,,,,,,,,,,,,,,,
[Green Park Interim and Executive Ltd.,79000000,,,,,,,,,,,,,,,,
[AFFINITY TRUST,85312400,,,,,,,,,,,,,,,,
[Chemostrat Ltd,73111000,,,,,,,,,,,,,,,,
[Richard Soan Roofing Services,45210000,,,,,,,,,,,,,,,,
[LGC Ltd,72222300,,,,,,,,,,,,,,,,
[P&R Building Contractors Ltd.,45210000,,,,,,,,,,,,,,,,
[NPS PROPERTY CONSULTANTS LIMITED,71315200,,,,,,,,,,,,,,,,
[ESH CONSTRUCTION LIMITED,45213312,,,,,,,,,,,,,,,,
[NEO PROPERTY SOLUTIONS LIMITED,35110000,45300000,,,,,,,,,,,,,,,
[UCL CONSULTANTS LIMITED,73000000,,,,,,,,,,,,,,,,
[abandoned,45233000,,,,,,,,,,,,,,,,
[VENN GROUP LIMITED,79620000,,,,,,,,,,,,,,,,
[SITEL UK LIMITED,79000000,,,,,,,,,,,,,,,,
[DODS PARLIAMENTARY COMMUNICATIONS LIMITED,79950000,,,,,,,,,,,,,,,,
[Dor-2-Dor,22000000,,,,,,,,,,,,,,,,
[Tessa Hunkin,71200000,,,,,,,,,,,,,,,,
[Heritage Solution,73110000,,,,,,,,,,,,,,,,
[Alun Griffiths (Contractors) Ltd.,45233100,,,,,,,,,,,,,,,,
[EOS Web Enterprise Cloud Subscription,72000000,,,,,,,,,,,,,,,,
[PARITY PROFESSIONALS LIMITED,80511000,,,,,,,,,,,,,,,,
[SENATOR INTERNATIONAL LIMITED,39130000,,,,,,,,,,,,,,,,
[CBES Limited,45000000,,,,,,,,,,,,,,,,
[APS GROUP LIMITED,30195910,,,,,,,,,,,,,,,,
[ECORYS UK LIMITED,75211200,,,,,,,,,,,,,,,,
[IPE GLOBAL PRIVATE LIMITED,75211200,,,,,,,,,,,,,,,,
[B & F Mechanical Services Ltd,45232141,,,,,,,,,,,,,,,,
[HEM DES LLP,79413000,79415200,,,,,,,,,,,,,,,
[Agent Marketing,72000000,,,,,,,,,,,,,,,,
[J Cheesmur & Sons (Lewes) Ltd t/a Cheesmur Building Contract,45212000,45215221,71223000,45212230,45215500,45262800,45330000,,,,,,,,,,
[Adam HTT Ltd,60120000,,,,,,,,,,,,,,,,
[Waller Associates Limited,45260000,,,,,,,,,,,,,,,,
[Arup,73000000,,,,,,,,,,,,,,,,
[ALLEN LANE LIMITED,79600000,,,,,,,,,,,,,,,,
[NHS Digital,48000000,,,,,,,,,,,,,,,,
[University Of Warwick,73000000,,,,,,,,,,,,,,,,
[ILX GROUP PLC,80400000,,,,,,,,,,,,,,,,
[AHR Architects Ltd,79000000,79400000,79410000,,,,,,,,,,,,,,
[Renault UK Limited,34136000,,,,,,,,,,,,,,,,
[GM Coachworks,34114400,,,,,,,,,,,,,,,,
[Clad,18100000,,,,,,,,,,,,,,,,
[Aspens Services Ltd,55524000,,,,,,,,,,,,,,,,
[ARKENFORD LIMITED,73110000,,,,,,,,,,,,,,,,
[Institute Of Fiscal Studies,79315000,,,,,,,,,,,,,,,,
[FLEXIFORM BUSINESS FURNITURE LIMITED,39000000,,,,,,,,,,,,,,,,
[KONICA MINOLTA BUSINESS SOLUTIONS (UK) LIMITED,30000000,,,,,,,,,,,,,,,,
[Sure Maintenance Limited,50531200,,,,,,,,,,,,,,,,
[Leaseplan UK Limited,50111100,,,,,,,,,,,,,,,,
[Saint John of God Hospitaller Services,85000000,,,,,,,,,,,,,,,,
[Young Persons Advisory Service,98000000,,,,,,,,,,,,,,,,
[Meeting Place Communications,71310000,,,,,,,,,,,,,,,,
[DELOITTE LLP,79212000,79410000,,,,,,,,,,,,,,,
[Refuse Vehicle Solutions Ltd,34144510,,,,,,,,,,,,,,,,
[Reliance High Tech Limited,71317200,,,,,,,,,,,,,,,,
[Softcat plc,48000000,,,,,,,,,,,,,,,,
[Pendergate Limited t/a Ridge Crest Cleaning Services,98341130,,,,,,,,,,,,,,,,
[BVSC,85311000,75200000,85311100,98000000,85320000,85300000,85310000,85312400,85311300,,,,,,,,
[Brakes,15000000,,,,,,,,,,,,,,,,
[Turner and Townsend Cost Management Ltd,71324000,,,,,,,,,,,,,,,,
[Turner and Townsend Project Management Ltd,72224000,,,,,,,,,,,,,,,,
[HFL Building Solutions Limited,50531200,,,,,,,,,,,,,,,,
[LaserLife,50310000,,,,,,,,,,,,,,,,
[Factory Settings Ltd,45212313,92521100,92521000,,,,,,,,,,,,,,
[Envitia,90700000,,,,,,,,,,,,,,,,
[Price Waterhouse Coopers Llp,79212200,,,,,,,,,,,,,,,,
[Please refer to attachments section for list of successfully awa,30160000,48812000,66000000,72212440,75200000,75300000,79211120,79211200,79411100,79412000,,,,,,,
[Norfolk County Council,73000000,,,,,,,,,,,,,,,,
[,72000000,,,,,,,,,,,,,,,,
[Yorkshire Dales Rivers Trust,73000000,,,,,,,,,,,,,,,,
[Kent Wildlife Trust,73000000,,,,,,,,,,,,,,,,
[,72000000,,,,,,,,,,,,,,,,
[Kent Wildlife Trust,73000000,,,,,,,,,,,,,,,,
[Taziker Industrial Ltd,71530000,,,,,,,,,,,,,,,,
[Cale Briparc Ltd,50000000,,,,,,,,,,,,,,,,
[Various Contractors currently on Aster Livings preferred Contrac,33000000,,,,,,,,,,,,,,,,
[Mistras Group Ltd,71312000,,,,,,,,,,,,,,,,
[Silverfish,32354500,92111250,,,,,,,,,,,,,,,
[HOLOGIC (UK) LTD,33100000,,,,,,,,,,,,,,,,
[,72000000,,,,,,,,,,,,,,,,
[LEICA MICROSYSTEMS (UK) LIMITED,33100000,,,,,,,,,,,,,,,,
[PHILIPS HEALTHCARE,33100000,,,,,,,,,,,,,,,,
[PHILIPS HEALTHCARE,33100000,,,,,,,,,,,,,,,,
[PHILIPS,33100000,,,,,,,,,,,,,,,,
[VIVID ECONOMICS LTD,73200000,,,,,,,,,,,,,,,,
[Vivid Economics Ltd,73110000,90711000,,,,,,,,,,,,,,,
[MARITIME LONDON LTD,73000000,,,,,,,,,,,,,,,,
[CORRECT CONTRACT SERVICES LIMITED,50720000,,,,,,,,,,,,,,,,
[Property Matters Southern Ltd,50710000,,,,,,,,,,,,,,,,
[Martin and Porter Ltd,45211100,,,,,,,,,,,,,,,,
[Mindray (Uk) Limited,33100000,,,,,,,,,,,,,,,,
[VARIAN MEDICAL SYSTEMS UK LIMITED,33100000,,,,,,,,,,,,,,,,
[IMPLANTCAST UK LTD,33100000,,,,,,,,,,,,,,,,
[J D Ingram,90620000,34143000,43313100,43313200,,,,,,,,,,,,,
[AMG Sport-Play Ltd,37535200,,,,,,,,,,,,,,,,
[GE CAPITAL EQUIPMENT FINANCE LTD,33100000,,,,,,,,,,,,,,,,
[Town and Country Cleaners Ltd,90919300,,,,,,,,,,,,,,,,
[The Ethical Cleaning Company (East Midlands) Ltd,90919300,,,,,,,,,,,,,,,,
[The Media Trust,80500000,,,,,,,,,,,,,,,,
[Compass Contract Services (UK) Ltd trading as Chartwells,55524000,,,,,,,,,,,,,,,,
[Compass Contract Services (UK) Ltd trading as Chartwells,90919300,,,,,,,,,,,,,,,,
[ParkingEye Ltd,34100000,98351000,98351100,,,,,,,,,,,,,,
[VHS Cleaning Services Ltd,90919300,,,,,,,,,,,,,,,,
[Alliance in Partnership Ltd,55524000,,,,,,,,,,,,,,,,
[Lunchtime Company Ltd,55524000,,,,,,,,,,,,,,,,
[Waterman Aspen,79600000,,,,,,,,,,,,,,,,
[LAW ABSOLUTE LIMITED,72000000,79600000,,,,,,,,,,,,,,,
[Mott Macdonald Limited,71356000,,,,,,,,,,,,,,,,
[Creativerace Limited,79340000,79413000,,,,,,,,,,,,,,,
[Birmingham Metropolitan College,80000000,98000000,,,,,,,,,,,,,,,
[mdm props ltd,45212310,,,,,,,,,,,,,,,,
[EDMUNDSON ELECTRICAL LTD.,31000000,,,,,,,,,,,,,,,,
[ITQ South West Ltd T/A ITQ eSolutions,72000000,80410000,,,,,,,,,,,,,,,
[Studio Partington,71220000,,,,,,,,,,,,,,,,
[Caro Communications Limited,79416000,,,,,,,,,,,,,,,,
[Jaama Ltd,30000000,34000000,,,,,,,,,,,,,,,
[Methods Analytics Ltd,72000000,,,,,,,,,,,,,,,,
[Roche Diagnostics Limited,33124000,,,,,,,,,,,,,,,,
[LEONARDO MW LIMITED,34711500,,,,,,,,,,,,,,,,
[LEONARDO MW LIMITED,34711500,,,,,,,,,,,,,,,,
[Sharpe Pritchard,79140000,,,,,,,,,,,,,,,,
[N/A,55524000,,,,,,,,,,,,,,,,
[Frame Creative PR Limited,79416200,,,,,,,,,,,,,,,,
[Hymans Roberton,66500000,,,,,,,,,,,,,,,,
[Royal College of Physicians,79952000,,,,,,,,,,,,,,,,
[Total Gas & Power Limited,9121000,,,,,,,,,,,,,,,,
[Phelan Construction,45111000,,,,,,,,,,,,,,,,
[Leadership Centre,80511000,,,,,,,,,,,,,,,,
[A Hammonds & Son,45215140,,,,,,,,,,,,,,,,
[Honan Building Services Ltd,45453000,45453100,,,,,,,,,,,,,,,
[Greendale Construction Ltd,45432110,45432100,,,,,,,,,,,,,,,
[Astech Consultants,48000000,,,,,,,,,,,,,,,,
[Express Property Services,50000000,,,,,,,,,,,,,,,,
[CLOUD TECHNOLOGY SOLUTIONS LTD,72212200,,,,,,,,,,,,,,,,
[Emergency Response Driver Training Limited (ERDT),60000000,,,,,,,,,,,,,,,,
[Peter Byard,45500000,,,,,,,,,,,,,,,,
[BRITISH RED CROSS SOCIETY,79100000,,,,,,,,,,,,,,,,
[Reed Specialist Recruitment Limited,85000000,,,,,,,,,,,,,,,,
[B.R.Own Property Repairs,9300000,,,,,,,,,,,,,,,,
[Aramark Limited,55520000,,,,,,,,,,,,,,,,
[G.M. Lawrence Electrical,71314100,,,,,,,,,,,,,,,,
[Cambridge Fire Research,44221220,45343100,,,,,,,,,,,,,,,
[Sysmex UK Ltd,33696500,,,,,,,,,,,,,,,,
[Moorhouse Consulting,72224000,,,,,,,,,,,,,,,,
[,71317210,,,,,,,,,,,,,,,,
[Experian UK Limited,66113000,,,,,,,,,,,,,,,,
[Envestors ltd.,48000000,,,,,,,,,,,,,,,,
[GVA Grimley Ltd,73220000,,,,,,,,,,,,,,,,
[GTH Construction Limited,45453100,,,,,,,,,,,,,,,,
[Jackson Lift Services Ltd,42416100,,,,,,,,,,,,,,,,
[Central and North West London NHS Foundation Trust,85147000,,,,,,,,,,,,,,,,
[Browns More Hair Now Ltd,33711630,,,,,,,,,,,,,,,,
[Softcat PLC,30236110,,,,,,,,,,,,,,,,
[Hobson @ Porter,45000000,,,,,,,,,,,,,,,,
[The Soper Group Ltd,45000000,,,,,,,,,,,,,,,,
[Haiths Heating Limited,45000000,,,,,,,,,,,,,,,,
[Clinical Solutions International Limited,72000000,,,,,,,,,,,,,,,,
[Redcar & Cleveland Voluntary Development Agency,85100000,98000000,,,,,,,,,,,,,,,
[Nowcomm Ltd,48000000,,,,,,,,,,,,,,,,
[P3 Communications GmbH,72300000,,,,,,,,,,,,,,,,
[AGILENT TECHNOLOGIES LDA LTD,38430000,,,,,,,,,,,,,,,,
[National Fostering Agency,85000000,,,,,,,,,,,,,,,,
[Orchard Education Ltd,85000000,,,,,,,,,,,,,,,,
[Experis Ltd,72000000,,,,,,,,,,,,,,,,
[Lucid,72000000,,,,,,,,,,,,,,,,
[Satigo,72000000,,,,,,,,,,,,,,,,
[GROUND CONTROL (GROUNDS & GARDENS MAINTENANCE),45112700,,,,,,,,,,,,,,,,
[Pinnacle Health Partnership LLP,72500000,,,,,,,,,,,,,,,,
[SOFTCAT PLC,72261000,72263000,72268000,,,,,,,,,,,,,,
[Specialist Computer Centres,72610000,,,,,,,,,,,,,,,,
[Aire Logic,72000000,,,,,,,,,,,,,,,,
[PricewaterhouseCoopers LLP,72000000,,,,,,,,,,,,,,,,
[Positive Solutions Limited,72230000,,,,,,,,,,,,,,,,
[BCS Electrics Ltd,45310000,51110000,71314100,45317000,,,,,,,,,,,,,
[Caretech Community Services Ltd,85300000,,,,,,,,,,,,,,,,
[EVERSHEDS SUTHERLAND (INTERNATIONAL) LLP,73000000,,,,,,,,,,,,,,,,
[NHS Digital,48000000,,,,,,,,,,,,,,,,
[Redstor Limited,72000000,,,,,,,,,,,,,,,,
[BONDAP,72260000,72222000,,,,,,,,,,,,,,,
[AXIS EUROPE PLC,45000000,,,,,,,,,,,,,,,,
[Leeds D&B One Limited,45214210,,,,,,,,,,,,,,,,
[Ipsos MORI,73000000,,,,,,,,,,,,,,,,
[IFF Research,73000000,,,,,,,,,,,,,,,,
[Commonplace Digital Ltd,98000000,,,,,,,,,,,,,,,,
[DHC Consulting Ltd,79414000,,,,,,,,,,,,,,,,
[Specialist Computer Centres PLC,30100000,,,,,,,,,,,,,,,,
[Hogg Robinson Travel Ltd,63500000,,,,,,,,,,,,,,,,
[E Batty (contractors) Ltd. t/a Batty Joinery,45000000,,,,,,,,,,,,,,,,
[Experian,73210000,,,,,,,,,,,,,,,,
[Winkworth Sherwood,71310000,,,,,,,,,,,,,,,,
[AstroTec Holding B.V.,38635000,,,,,,,,,,,,,,,,
[Wellingtone PM,72000000,,,,,,,,,,,,,,,,
[S&C Slatter Ltd,45000000,45200000,45220000,45112720,45236110,45212200,,,,,,,,,,,
[Softcat Plc,32420000,32422000,30200000,,,,,,,,,,,,,,
[Softcat Plc,32420000,32422000,30200000,,,,,,,,,,,,,,
[The Involve Foundation,79112100,,,,,,,,,,,,,,,,
[Accenture (UK) Limited,72000000,,,,,,,,,,,,,,,,
[Veracity OSI UK Ltd,72000000,,,,,,,,,,,,,,,,
[Liverpool Vision,79000000,,,,,,,,,,,,,,,,
[Blackstock Partnership ltd,73200000,,,,,,,,,,,,,,,,
[CH2M Hill UK,71311210,,,,,,,,,,,,,,,,
[CH2M Hill UK,71311210,,,,,,,,,,,,,,,,
[Waters Ltd,38434540,,,,,,,,,,,,,,,,
[Allstar Business Soltions Ltd,9100000,,,,,,,,,,,,,,,,
[Kone Plc,42416000,,,,,,,,,,,,,,,,
[Kone Plc,42416000,,,,,,,,,,,,,,,,
[BIFFA WASTE SERVICES LIMITED,90500000,,,,,,,,,,,,,,,,
[Ribcraft Ltd,34521000,,,,,,,,,,,,,,,,
[National Literacy Trust,80000000,98000000,,,,,,,,,,,,,,,
[DLA PIPER UK LLP,79100000,,,,,,,,,,,,,,,,
[Ashurst LLP,79100000,,,,,,,,,,,,,,,,
[GPUK LLP Trading As Global Payments,48217000,,,,,,,,,,,,,,,,
[Peter Hill Flooring Ltd,44112200,45432100,45432130,45432110,,,,,,,,,,,,,
[Curry & Brown UK Ltd,71530000,,,,,,,,,,,,,,,,
[TTC 200 Limited,80000000,,,,,,,,,,,,,,,,
[TTC 2000 Limited,80000000,,,,,,,,,,,,,,,,
[Banana Kick,79342000,,,,,,,,,,,,,,,,
[Achievement for All,80000000,,,,,,,,,,,,,,,,
[Westcountry Maintenance services,50700000,,,,,,,,,,,,,,,,
[A2b bus and coach,60000000,,,,,,,,,,,,,,,,
[The Soper Group Ltd,45000000,,,,,,,,,,,,,,,,
[University of Warwick,73000000,,,,,,,,,,,,,,,,
[Ernst & Young LLP,66171000,,,,,,,,,,,,,,,,
[Merkle UK 3 Ltd,72000000,,,,,,,,,,,,,,,,
[Quality Compliance System Ltd,48170000,,,,,,,,,,,,,,,,
[HTA Design,71200000,,,,,,,,,,,,,,,,
[National Foundation For Educational Research In England And Wale,80000000,,,,,,,,,,,,,,,,
[National Foundation For Educational Research In England And Wale,80000000,,,,,,,,,,,,,,,,
[Scottish Qualifications Authority,80000000,,,,,,,,,,,,,,,,
[Squiz UK Ltd,72268000,,,,,,,,,,,,,,,,
[John Boyd Associates Limited,45500000,,,,,,,,,,,,,,,,
[TCA Clinical Research Ltd.,73110000,,,,,,,,,,,,,,,,
[PSR Group BV,73110000,,,,,,,,,,,,,,,,
[Region Västra Götaland,73110000,,,,,,,,,,,,,,,,
[Novotech (Australia) Pty Ltd,73110000,,,,,,,,,,,,,,,,
[Peerz Academy Limited,80590000,,,,,,,,,,,,,,,,
"[Pharmaron, INC",73110000,,,,,,,,,,,,,,,,
"[10X Genomics, Inc.",33696500,,,,,,,,,,,,,,,,
[Humi-Tech Services Limited,50000000,,,,,,,,,,,,,,,,
[Liveco Ltd T/A Vest Construction,45453100,,,,,,,,,,,,,,,,
[Liveco Ltd T/A Vest Construction,45453100,,,,,,,,,,,,,,,,
[Liveco Ltd T/A Vest Construction,45453100,,,,,,,,,,,,,,,,
[Liveco Ltd T/A Vest Construction,45453100,,,,,,,,,,,,,,,,
[Hurco Europe Ltd,42612000,,,,,,,,,,,,,,,,
[Project Facilities Management Ltd,45453100,,,,,,,,,,,,,,,,
[Academia Limited,72260000,,,,,,,,,,,,,,,,
[Clearwater Technology Ltd,71315000,,,,,,,,,,,,,,,,
[Lablogic,38000000,,,,,,,,,,,,,,,,
[GE Medical Systems Ltd,38000000,,,,,,,,,,,,,,,,
[Anna Grindle,80000000,,,,,,,,,,,,,,,,
[GE Medical Systems Ltd,38000000,,,,,,,,,,,,,,,,
[The Brightside Trust,72212224,,,,,,,,,,,,,,,,
[Illumina Cambridge Ltd,51430000,,,,,,,,,,,,,,,,
[Thompson's Fencing Services,45000000,,,,,,,,,,,,,,,,
[Control Risks Group Ltd,72224000,,,,,,,,,,,,,,,,
[Illumina Cambridge Ltd,38437000,,,,,,,,,,,,,,,,
[GDS Instruments Ltd,38437000,,,,,,,,,,,,,,,,
[Tecniplast UK Ltd,3143000,,,,,,,,,,,,,,,,
[GPE Scientific Limited,39711120,,,,,,,,,,,,,,,,
[Wolf Laboratories Ltd,38000000,,,,,,,,,,,,,,,,
[Campden Instruments Ltd,33793000,,,,,,,,,,,,,,,,
[BOCM Pauls Ltd t/a ForFarmers,15700000,,,,,,,,,,,,,,,,
[Engie Power Limited,31158000,,,,,,,,,,,,,,,,
[BOCM Pauls Ltd t/a ForFarmers,15700000,,,,,,,,,,,,,,,,
[Huntingdonshire ACT Trading Ltd.,60100000,,,,,,,,,,,,,,,,
[Stanmore Contractors Limited,71310000,,,,,,,,,,,,,,,,
[Bevan Brittan LLP,79100000,,,,,,,,,,,,,,,,
[Numbertelling Ltd,98200000,79315000,,,,,,,,,,,,,,,
[Art Cleaning (Midlands) Limited,90911000,,,,,,,,,,,,,,,,
[Communitas Clinics,85100000,,,,,,,,,,,,,,,,
[Ernst & Young LLP,73000000,,,,,,,,,,,,,,,,
[Advanced Business Software and Solutions Ltd,72611000,,,,,,,,,,,,,,,,
[Zengenti Limited,48000000,,,,,,,,,,,,,,,,
[ICF International,73000000,,,,,,,,,,,,,,,,
[Identity Consult,71312000,71530000,,,,,,,,,,,,,,,
[Identity Consult,71312000,71530000,,,,,,,,,,,,,,,
[Acuity Business Solutions,66121000,71241000,72200000,,,,,,,,,,,,,,
[Bristol Uniforms Ltd,35113400,,,,,,,,,,,,,,,,
[Focus Consultants LLP,73000000,,,,,,,,,,,,,,,,
[WYG Environment Planning Transport Ltd,71311200,,,,,,,,,,,,,,,,
[NatCen Social Research,73110000,,,,,,,,,,,,,,,,
[Oracle Corporation UK Limited,72000000,,,,,,,,,,,,,,,,
[Northgate Public Services (UK) Ltd,72222300,,,,,,,,,,,,,,,,
[Ideadgen PLC,72222300,,,,,,,,,,,,,,,,
[TIME-OUT CHILDRENS HOMES LIMITED,85000000,,,,,,,,,,,,,,,,
[AJM Mobility Ltd (Trading as AJM Healthcare),33193120,85140000,,,,,,,,,,,,,,,
[EdgeNexus,44316400,,,,,,,,,,,,,,,,
[Specialist Computer Centres,44316400,,,,,,,,,,,,,,,,
[CDW Limited,72590000,,,,,,,,,,,,,,,,
[BHP LLP,79200000,79210000,,,,,,,,,,,,,,,
[Residential Landlords Association,80521000,80522000,,,,,,,,,,,,,,,
[GM Coachwork Limited,34114400,,,,,,,,,,,,,,,,
[LAW Absolute Ltd,79100000,,,,,,,,,,,,,,,,
[Aecom Ltd,75211200,,,,,,,,,,,,,,,,
[Pinacl Solutions UK Ltd,72000000,,,,,,,,,,,,,,,,
[European Electronique,48222000,,,,,,,,,,,,,,,,
[Rotadex Systems Limited,30199500,79995100,92512000,,,,,,,,,,,,,,
[Wales Environmental Ltd T/A Drainology,45000000,90000000,65100000,,,,,,,,,,,,,,
[Apira Limited,71621000,,,,,,,,,,,,,,,,
[A&T Sailsbury Ltd,85000000,,,,,,,,,,,,,,,,
[Unisys Limited,32400000,,,,,,,,,,,,,,,,
[Iron Mountain (UK) PLC,63121100,,,,,,,,,,,,,,,,
[I.F.F RESEARCH LIMITED,79315000,98200000,,,,,,,,,,,,,,,
[Sheppard Robson Architects LLP,71220000,,,,,,,,,,,,,,,,
[People Source Consulting Ltd,72262000,,,,,,,,,,,,,,,,
[United Taxis,85000000,,,,,,,,,,,,,,,,
[Industrial Maintenance Services,31700000,,,,,,,,,,,,,,,,
[Meteoric Ltd,71316000,,,,,,,,,,,,,,,,
"[SmartSourcing,",79611000,,,,,,,,,,,,,,,,
[Findmypast Ltd.,48000000,72000000,79000000,92000000,98000000,,,,,,,,,,,,
[CG Cleaning Limited,90910000,,,,,,,,,,,,,,,,
[Datalynx Limited,72315200,,,,,,,,,,,,,,,,
[Medley Business Solutions Ltd,72212517,,,,,,,,,,,,,,,,
[BlueLightsDigital Ltd,72000000,,,,,,,,,,,,,,,,
[Sims Garden Machinery Ltd,16310000,,,,,,,,,,,,,,,,
[Direct Heating Solutions Ltd,42160000,42164000,44621200,,,,,,,,,,,,,,
[Remarkable City,71000000,73000000,79000000,,,,,,,,,,,,,,
[Fortem Energy Services Limited,45000000,,,,,,,,,,,,,,,,
[Tickets.com Ltd,22459000,,,,,,,,,,,,,,,,
[Metro Rod Ltd,45232450,,,,,,,,,,,,,,,,
[SAC Commercial Limited,72316000,,,,,,,,,,,,,,,,
[Buffalo ZooMedia Ltd,72413000,,,,,,,,,,,,,,,,
[The Police Treatment Centres,85141210,,,,,,,,,,,,,,,,
[Benchmark Project Management UK Ltd,45000000,,,,,,,,,,,,,,,,
[Drive Creative Studio LTD,79000000,,,,,,,,,,,,,,,,
[RIGG CONSTRUCTION SOUTHERN LTD,45000000,,,,,,,,,,,,,,,,
[Abacus Construction,45000000,,,,,,,,,,,,,,,,
[MRAG Ltd,73112000,,,,,,,,,,,,,,,,
[THE GLASGOWS GROUP,79952000,,,,,,,,,,,,,,,,
[Health Assured Limited,85147000,,,,,,,,,,,,,,,,
[iCasework Ltd,72260000,,,,,,,,,,,,,,,,
[Community Health and Eyecare Ltd,85100000,,,,,,,,,,,,,,,,
[Willmott Dixon Interiors Ltd,45210000,,,,,,,,,,,,,,,,
[Deloitte,79212100,,,,,,,,,,,,,,,,
[Lincolnshire Community Services NHS Trust,85000000,,,,,,,,,,,,,,,,
[Deltatecnix Ltd,42000000,,,,,,,,,,,,,,,,
[UNIVERSITY HOSPITAL BIRMINGHAM N H S TRUST,79000000,,,,,,,,,,,,,,,,
[TRANS EUROPEAN TECHNOLOGY LIMITED,72212200,,,,,,,,,,,,,,,,
[Jigsaw Systems Limited,72000000,,,,,,,,,,,,,,,,
[OPEN TEXT UK LIMITED,85000000,,,,,,,,,,,,,,,,
[SCL Managed Services Ltd,45311000,71314100,,,,,,,,,,,,,,,
[HEALTHCARE SOFTWARE SOLUTIONS LTD,48517000,,,,,,,,,,,,,,,,
[London Design & Engineering UTC,80000000,,,,,,,,,,,,,,,,
[Matts Monitors Ltd,90700000,,,,,,,,,,,,,,,,
[Probitas UK Ltd,79000000,98000000,,,,,,,,,,,,,,,
[Saltash Enterprises Ltd,45000000,,,,,,,,,,,,,,,,
[Physio Med Ltd,85000000,,,,,,,,,,,,,,,,
[Cognizant Worldwide Limited,72000000,,,,,,,,,,,,,,,,
[Warehouse Express Ltd T/A Wex photo Video,24930000,30192110,30234300,30234400,31440000,32354300,38650000,38651000,38651600,38653000,50344100,79960000,79961000,,,,
[STONE COMPUTERS LIMITED,48000000,72000000,,,,,,,,,,,,,,,
[STONE COMPUTERS LIMITED,48000000,,,,,,,,,,,,,,,,
[Matrix-SCM Limited,79600000,,,,,,,,,,,,,,,,
[Inform Communications plc,72000000,,,,,,,,,,,,,,,,
[NETCOMPANY UK LIMITED,72100000,72500000,,,,,,,,,,,,,,,
[IPE Global Limited,75211200,,,,,,,,,,,,,,,,
[Price Waterhouse Coopers Llp,79212200,,,,,,,,,,,,,,,,
[CAPITA TRAVEL AND EVENTS LIMITED,79997000,,,,,,,,,,,,,,,,
[BARCELONA INSTITUTE FOR GLOBAL HEALTH,73111000,,,,,,,,,,,,,,,,
[Oak Tree Care Services Ltd,85000000,,,,,,,,,,,,,,,,
[RSM UK AUDIT LLP,79212200,,,,,,,,,,,,,,,,
[Astral Fire and Security Ltd,31000000,,,,,,,,,,,,,,,,
[Andalusia Academy,85000000,,,,,,,,,,,,,,,,
[Treka Bus Limited,34144000,,,,,,,,,,,,,,,,
[Wavehill,73110000,,,,,,,,,,,,,,,,
[SQW Limited,73110000,,,,,,,,,,,,,,,,
[Ipsos MORI,73210000,,,,,,,,,,,,,,,,
[Pricewaterhouse Coopers Private Limited,79411000,,,,,,,,,,,,,,,,
[RSM UK AUDIT LLP,79212200,,,,,,,,,,,,,,,,
[Hull Business Training Centre,80000000,,,,,,,,,,,,,,,,
[Farscape Development Ltd,79632000,,,,,,,,,,,,,,,,
[MJ Support Staffing,85000000,,,,,,,,,,,,,,,,
[Tata Consultancy Services Limited,72000000,,,,,,,,,,,,,,,,
[SURECLOUD LIMITED,72322000,,,,,,,,,,,,,,,,
[Graham Harper Associates,71000000,,,,,,,,,,,,,,,,
[Totally Communications,30211300,,,,,,,,,,,,,,,,
[ENCIRCLE SOLUTIONS LIMITED,72415000,,,,,,,,,,,,,,,,
[PRICEWATERHOUSECOOPERS LLP,79210000,79411000,,,,,,,,,,,,,,,
[Indecon Building Limited,45211100,,,,,,,,,,,,,,,,
[OCS GROUP UK LIMITED,79993100,,,,,,,,,,,,,,,,
[Central Taxis Ltd T/A Go Carz,60000000,,,,,,,,,,,,,,,,
[Grant Thornton UK LLP,79212100,,,,,,,,,,,,,,,,
[GAMMA TELECOM LTD,51340000,,,,,,,,,,,,,,,,
"[Firmstep Limited,",72211000,,,,,,,,,,,,,,,,
[Jack Tighe Ltd,45442120,,,,,,,,,,,,,,,,
[Central Taxis Ltd T/A Go Carz,60000000,,,,,,,,,,,,,,,,
[Diamond Cars (Telford) Ltd,60000000,,,,,,,,,,,,,,,,
[Central Taxis Ltd T/A Go Carz,60000000,,,,,,,,,,,,,,,,
[Central Taxis Ltd T/A Go Carz,60000000,,,,,,,,,,,,,,,,
[CAPITA PROPERTY AND INFRASTRUCTURE (STRUCTURES) LIMITED,71311210,,,,,,,,,,,,,,,,
[XMA LIMITED,30230000,,,,,,,,,,,,,,,,
[COMPUTACENTER (UK) LIMITED,30100000,,,,,,,,,,,,,,,,
[AUTOMATION LOGIC LTD,72261000,,,,,,,,,,,,,,,,
[NTT DATA SERVICES UK LIMITED,48000000,,,,,,,,,,,,,,,,
[Robertsons transport,60120000,60140000,60130000,60170000,60112000,,,,,,,,,,,,
[Elsevier B.V.,79980000,,,,,,,,,,,,,,,,
[SOFTWARE BOX LIMITED,30000000,,,,,,,,,,,,,,,,
[HELIOS TECHNOLOGY LIMITED,79000000,,,,,,,,,,,,,,,,
[Landmark Information Group Ltd,72261000,,,,,,,,,,,,,,,,
[Landmark Information Group Ltd,72261000,,,,,,,,,,,,,,,,
[3mse Limited,42900000,45300000,44600000,42500000,45331000,,,,,,,,,,,,
[J M Hill Building Services Limited,50000000,,,,,,,,,,,,,,,,
[RRR Consultancy Ltd,73000000,79000000,98000000,71410000,,,,,,,,,,,,,
[United Taxis Ltd.,60000000,85000000,,,,,,,,,,,,,,,
[Renault Retail Group Uk Ltd,34144900,,,,,,,,,,,,,,,,
[Financial Ombudsman Service,66000000,,,,,,,,,,,,,,,,
[RESEARCH CONSULTING LIMITED,73110000,73210000,,,,,,,,,,,,,,,
[Servelec Education Limited,48000000,48400000,48300000,48600000,48700000,48200000,48900000,,,,,,,,,,
[R Bray Groundwork,45340000,,,,,,,,,,,,,,,,
[Carter Jonas,79900000,,,,,,,,,,,,,,,,
[Convergent Network Solutions Ltd,71311210,,,,,,,,,,,,,,,,
[Northgate Information Solutions UK Ltd,48000000,,,,,,,,,,,,,,,,
[TSSW,80000000,,,,,,,,,,,,,,,,
[M&C SAATCHI (UK) LIMITED,79340000,,,,,,,,,,,,,,,,
[Mercure Southgate Hotel,55120000,,,,,,,,,,,,,,,,
[JOHN WILEY & SONS LIMITED,79980000,,,,,,,,,,,,,,,,
[Elasticsearch LTD,48000000,,,,,,,,,,,,,,,,
[RED OAK CONSULTING LLP,79000000,,,,,,,,,,,,,,,,
[JBA Consulting,90712000,,,,,,,,,,,,,,,,
[LGC,73000000,,,,,,,,,,,,,,,,
[Bishops Fleming Chartered Accountants,66171000,,,,,,,,,,,,,,,,
[William Birch & Sons Ltd,45300000,50800000,,,,,,,,,,,,,,,
[ACUMEN WASTE SERVICES LIMITED,34144511,45222110,45252300,45262660,90500000,90650000,,,,,,,,,,,
[BBJ CONSTRUCTION,45300000,,,,,,,,,,,,,,,,
[TNI International,90521400,,,,,,,,,,,,,,,,
[Ove Arup & Partners Ltd,71220000,79933000,79415200,,,,,,,,,,,,,,
[INTERNATIONAL PAINT LIMITED,50241000,,,,,,,,,,,,,,,,
[IPSOS MORI,73000000,,,,,,,,,,,,,,,,
[IPSOS MORI,73000000,,,,,,,,,,,,,,,,
[Mando Group Ltd,71356300,,,,,,,,,,,,,,,,
[Community Research Ltd,73110000,73300000,79310000,85148000,,,,,,,,,,,,,
[Various,60170000,,,,,,,,,,,,,,,,
[GREEN RESOURCE ENGINEERING LIMITED,38000000,,,,,,,,,,,,,,,,
[University of Central Lancashire,9300000,,,,,,,,,,,,,,,,
[F. KLUCZNIK & SON LIMITED,34928220,,,,,,,,,,,,,,,,
[Goodwin International Ltd,45255400,,,,,,,,,,,,,,,,
[NatWest,66110000,,,,,,,,,,,,,,,,
[CALLCREDIT INFORMATION GROUP LIMITED,48812000,,,,,,,,,,,,,,,,
[NESS ENGINEERING LIMITED,45213000,,,,,,,,,,,,,,,,
[Moore Stephens Llp,79212100,,,,,,,,,,,,,,,,
[Various Suppliers,79611000,,,,,,,,,,,,,,,,
[Atkins Highways & Transportation,71311210,,,,,,,,,,,,,,,,
[Jeremy Benn Associates LTD,71800000,73000000,79400000,,,,,,,,,,,,,,
[Miller Pattison Ltd,45320000,45321000,,,,,,,,,,,,,,,
[Imagine Education Ltd,80000000,,,,,,,,,,,,,,,,
[WILLIAM GOUGH & SONS LIMITED,45453000,,,,,,,,,,,,,,,,
[Ambition School Leadership Trust,80000000,,,,,,,,,,,,,,,,
[Anna Grindle,80000000,,,,,,,,,,,,,,,,
[THERMO FISHER DIAGNOSTICS LIMITED,50400000,,,,,,,,,,,,,,,,
[Thomson Reuters,79140000,,,,,,,,,,,,,,,,
[diva creative limited,79000000,72220000,,,,,,,,,,,,,,,
[Disability Syndicate,79000000,85321000,98000000,,,,,,,,,,,,,,
[PRICEWATERHOUSECOOPERS,79212000,,,,,,,,,,,,,,,,
[ART CLEANING (MIDLANDS) LIMITED,90911000,,,,,,,,,,,,,,,,
[Methods Professional Services Ltd,72000000,,,,,,,,,,,,,,,,
[Esh Construction Ltd,45000000,,,,,,,,,,,,,,,,
[Terex Cranes UK Ltd,42414100,,,,,,,,,,,,,,,,
"[CITY, UNIVERSITY OF LONDON",73200000,,,,,,,,,,,,,,,,
[MOORE STEPHENS,79212000,,,,,,,,,,,,,,,,
[RYSTAD ENERGY LIMITED,73200000,79300000,,,,,,,,,,,,,,,
[MODULE-AR LIMITED,63122000,,,,,,,,,,,,,,,,
[O.R.C. INTERNATIONAL LTD.,79311000,,,,,,,,,,,,,,,,
[Specialised Movers Limited,98392000,,,,,,,,,,,,,,,,
[Amey LG Limited,45000000,,,,,,,,,,,,,,,,
[CONTEXT INFORMATION SECURITY LIMITED,72000000,,,,,,,,,,,,,,,,
[Arthur J Gallagher Insurance Brokers Ltd,66000000,,,,,,,,,,,,,,,,
[ORACLE CORPORATION UK LIMITED,79400000,,,,,,,,,,,,,,,,
[Lot 1 Halliday Meecham Architects Limited,71000000,,,,,,,,,,,,,,,,
[JADU LIMITED,48000000,,,,,,,,,,,,,,,,
[Prazska plynarenska,65000000,,,,,,,,,,,,,,,,
[BLACKBERRY UK LIMITED,72000000,,,,,,,,,,,,,,,,
[SOFTWARE BOX LIMITED,48000000,,,,,,,,,,,,,,,,
[APPNOVATION TECHNOLOGIES LIMITED,72000000,,,,,,,,,,,,,,,,
[New Voice Media,72000000,,,,,,,,,,,,,,,,
"[TABLEAU INTERNATIONAL, UNLIMITED COMPANY",72000000,,,,,,,,,,,,,,,,
[Axle Weight Technology Limited,34300000,42923000,,,,,,,,,,,,,,,
[Axle Weight Technology Limited,34300000,42923000,,,,,,,,,,,,,,,
[Silverstring Ltd,72910000,,,,,,,,,,,,,,,,
[Lindisfarne Court Care Home,85000000,,,,,,,,,,,,,,,,
[Treka Bus,34114400,,,,,,,,,,,,,,,,
[Continental Landscapes Ltd,90000000,,,,,,,,,,,,,,,,
[Bid Thinking Ltd,73210000,,,,,,,,,,,,,,,,
[SOFTCAT PLC,72000000,,,,,,,,,,,,,,,,
[CAPITA BUSINESS SERVICES LIMITED,72000000,,,,,,,,,,,,,,,,
[Arcadis LLP,71000000,,,,,,,,,,,,,,,,
[Faithful+Gould Limited,71000000,,,,,,,,,,,,,,,,
[Spoon Six Limited,48445000,,,,,,,,,,,,,,,,
[SOFTCAT PLC,72000000,,,,,,,,,,,,,,,,
[SOFTCAT PLC,30000000,,,,,,,,,,,,,,,,
[MLEX LIMITED,79300000,,,,,,,,,,,,,,,,
[SOFTCAT PLC,48000000,,,,,,,,,,,,,,,,
[Insight Direct (Uk) Limited,72000000,,,,,,,,,,,,,,,,
[Venson Automotive Solutions Limited,50100000,,,,,,,,,,,,,,,,
[Capgemini UK PLC,72000000,,,,,,,,,,,,,,,,
[TELECTICA LTD,73200000,79300000,,,,,,,,,,,,,,,
[The Roundabouts Consultancy,79411100,,,,,,,,,,,,,,,,
[SOFTWARE BOX LIMITED,48000000,,,,,,,,,,,,,,,,
[GREEN PARK INTERIM & EXECUTIVE LIMITED,72000000,,,,,,,,,,,,,,,,
[King Trailers Limited,34223300,,,,,,,,,,,,,,,,
[PF Burridge,45000000,,,,,,,,,,,,,,,,
[TESSELLA LIMITED,72000000,,,,,,,,,,,,,,,,
[SBC builders ltd,45440000,45451000,,,,,,,,,,,,,,,
[Borough Consultancy Services Limited,34700000,63100000,63700000,60400000,79416000,,,,,,,,,,,,
[Field Fisher Waterhouse,79100000,,,,,,,,,,,,,,,,
[MCKINSEY & COMPANY LME LIMITED,79400000,,,,,,,,,,,,,,,,
[Maintel Europe Limited,30200000,,,,,,,,,,,,,,,,
[Arthur Mckay,35000000,,,,,,,,,,,,,,,,
[HH Associates Limited,79800000,,,,,,,,,,,,,,,,
[Leidos Innovations UK Limited,22000000,22458000,79820000,22100000,63121100,30199711,72310000,79823000,30199710,79824000,72313000,92512100,79810000,79821000,79800000,64100000,79811000
[PREVENTX LIMITED,85000000,,,,,,,,,,,,,,,,
[Galliford Try Building Ltd T/A Morrison Construction,45262700,,,,,,,,,,,,,,,,
"[EPIQ SYSTEMS, LTD.",48000000,,,,,,,,,,,,,,,,
[CAPITA BUSINESS SERVICES LIMITED,85141000,,,,,,,,,,,,,,,,
[Ashtead Plant HIre Co Ltd,45500000,,,,,,,,,,,,,,,,
[The Monarch Partnership Ltd,9310000,,,,,,,,,,,,,,,,
[Vodafone Ltd,32000000,,,,,,,,,,,,,,,,
[Bluegrass Research Limited,73110000,,,,,,,,,,,,,,,,
[GLOBAL KNOWLEDGE NETWORK TRAINING LIMITED,80533000,,,,,,,,,,,,,,,,
[GLOBAL KNOWLEDGE NETWORK TRAINING LIMITED,80533000,,,,,,,,,,,,,,,,
[Health HR UK,79000000,,,,,,,,,,,,,,,,
[Oakleaf Surveying Ltd,71315300,71355000,,,,,,,,,,,,,,,
[KIER CONSTRUCTION LIMITED,75211200,,,,,,,,,,,,,,,,
[Search for Common Ground,73000000,,,,,,,,,,,,,,,,
[Global Partners Governance,79000000,,,,,,,,,,,,,,,,
[British Council,73000000,,,,,,,,,,,,,,,,
[KAMELEON WORLDWIDE LIMITED,72000000,,,,,,,,,,,,,,,,
[ICASEWORK LIMITED,48000000,,,,,,,,,,,,,,,,
[RLF LLP,71244000,,,,,,,,,,,,,,,,
[Heritage Masonry Ltd,45000000,,,,,,,,,,,,,,,,
[IPSOS RESEARCH LTD,73110000,,,,,,,,,,,,,,,,
[Insight Direct (UK) Ltd,30000000,,,,,,,,,,,,,,,,
[Insight Direct (UK) Ltd,30100000,,,,,,,,,,,,,,,,
[SUGARMAN HEALTH AND WELLBEING LIMITED,85100000,,,,,,,,,,,,,,,,
[AMEC Foster Wheeler Nuclear UK Ltd,73000000,,,,,,,,,,,,,,,,
[Lisa Bailey-Brown,3441000,,,,,,,,,,,,,,,,
[Redweb,33180000,72000000,,,,,,,,,,,,,,,
[MACE LIMITED,71242000,,,,,,,,,,,,,,,,
[Econ Engineering,34144440,,,,,,,,,,,,,,,,
[Imperial Commercials,34144510,,,,,,,,,,,,,,,,
[Dennis Eagle,34144511,,,,,,,,,,,,,,,,
[Alan Fuller Ltd,34144410,,,,,,,,,,,,,,,,
[Dennis Eagle,34144511,,,,,,,,,,,,,,,,
[Prgloo Limited,72212331,,,,,,,,,,,,,,,,
[NTM-GB Ltd,34144510,,,,,,,,,,,,,,,,
[REED SPECIALIST RECRUITMENT,79620000,,,,,,,,,,,,,,,,
[McLagan (AON),72221000,,,,,,,,,,,,,,,,
[LA INTERNATIONAL COMPUTER CONSULTANTS LTD,79620000,,,,,,,,,,,,,,,,
[SPRING TECHNOLOGY,79620000,,,,,,,,,,,,,,,,
[CERTES COMPUTING LTD,79620000,,,,,,,,,,,,,,,,
[Communicate Research Ltd trading as ComRes,79310000,,,,,,,,,,,,,,,,
[METHODS BUSINESS AND DIGITAL TECHNOLOGY LIMITED,79620000,,,,,,,,,,,,,,,,
[RED HAT LIMITED,72000000,,,,,,,,,,,,,,,,
[Modis International Limited,79600000,,,,,,,,,,,,,,,,
[CERTES COMPUTING LTD,79620000,,,,,,,,,,,,,,,,
[LA INTERNATIONAL COMPUTER CONSULTANTS LTD,79620000,,,,,,,,,,,,,,,,
[CERTES COMPUTING LTD,79620000,,,,,,,,,,,,,,,,
[WSP UK Limited,73000000,,,,,,,,,,,,,,,,
[BADENOCH AND CLARK,79620000,,,,,,,,,,,,,,,,
[SOLOS CONSULTANTS LTD,79620000,,,,,,,,,,,,,,,,
[AMEC Foster Wheeler Nuclear UK Ltd,73000000,,,,,,,,,,,,,,,,
[SMARTSOURCING PLC,79620000,,,,,,,,,,,,,,,,
[Galson Sciences Ltd,73000000,,,,,,,,,,,,,,,,
[LA INTERNATIONAL COMPUTER CONSULTANTS LTD,79620000,,,,,,,,,,,,,,,,
[Machine Tool Engineers (E.K.),42416400,42419530,50740000,,,,,,,,,,,,,,
[METHODS BUSINESS AND DIGITAL TECHNOLOGY LIMITED,79620000,,,,,,,,,,,,,,,,
[Risktec Solutions Limited,73000000,,,,,,,,,,,,,,,,
[CERTES COMPUTING LTD,79620000,,,,,,,,,,,,,,,,
[Capita Business Services,73000000,,,,,,,,,,,,,,,,
[CARBON60 LTD,79620000,,,,,,,,,,,,,,,,
[SMARTSOURCING PLC,79620000,,,,,,,,,,,,,,,,
[AMEC Foster Wheeler Nuclear UK Ltd,73000000,,,,,,,,,,,,,,,,
[HAYS SPECIALIST RECRUITMENT LTD,79620000,,,,,,,,,,,,,,,,
[ANDRA,73000000,,,,,,,,,,,,,,,,
[PARITY PROFESSIONALS LIMITED,79620000,,,,,,,,,,,,,,,,
[HAYS SPECIALIST RECRUITMENT LTD,79620000,,,,,,,,,,,,,,,,
[National Nuclear Laboratory,73000000,,,,,,,,,,,,,,,,
[Gilbert-Ash,45000000,45214000,45214400,,,,,,,,,,,,,,
[CloudyGroup Limited T/A CloudyCreative,73000000,,,,,,,,,,,,,,,,
[LA INTERNATIONAL COMPUTER CONSULTANTS LTD,79620000,,,,,,,,,,,,,,,,
[Engine Partners UK LLP,73000000,,,,,,,,,,,,,,,,
[SMARTSOURCING PLC,79620000,,,,,,,,,,,,,,,,
[Capita Business Services,73000000,,,,,,,,,,,,,,,,
[SOLOS CONSULTANTS LTD,79620000,,,,,,,,,,,,,,,,
[ESRI (UK) Limited,73000000,,,,,,,,,,,,,,,,
[STR LTD,79620000,,,,,,,,,,,,,,,,
[LA INTERNATIONAL COMPUTER CONSULTANTS LTD,79620000,,,,,,,,,,,,,,,,
[United Guarding Services Ltd,79710000,,,,,,,,,,,,,,,,
[Engine Partners UK LLP,73000000,,,,,,,,,,,,,,,,
[AMEC Nuclear UK Ltd,73000000,,,,,,,,,,,,,,,,
[LA INTERNATIONAL COMPUTER CONSULTANTS LTD,79620000,,,,,,,,,,,,,,,,
[Capita Business Services,73000000,,,,,,,,,,,,,,,,
[SMARTSOURCING PLC,79620000,,,,,,,,,,,,,,,,
[METHODS BUSINESS AND DIGITAL TECHNOLOGY LIMITED,79620000,,,,,,,,,,,,,,,,
[HAYS SPECIALIST RECRUITMENT LTD,79620000,,,,,,,,,,,,,,,,
[WSP UK Limited,73000000,,,,,,,,,,,,,,,,
[HAYS SPECIALIST RECRUITMENT LTD,79620000,,,,,,,,,,,,,,,,
[BADENOCH AND CLARK,79620000,,,,,,,,,,,,,,,,
[AMEC Nuclear UK Ltd,73000000,,,,,,,,,,,,,,,,
[LA INTERNATIONAL COMPUTER CONSULTANTS LTD,79620000,,,,,,,,,,,,,,,,
[SPRING TECHNOLOGY,79620000,,,,,,,,,,,,,,,,
[STR LTD,79620000,,,,,,,,,,,,,,,,
[Capita Business Services,73000000,,,,,,,,,,,,,,,,
[AXON RESOURCING LTD,79620000,,,,,,,,,,,,,,,,
[XLY420/008/17/AI,79620000,,,,,,,,,,,,,,,,
[PARITY PROFESSIONALS LIMITED,79620000,,,,,,,,,,,,,,,,
[REED SPECIALIST RECRUITMENT,79620000,,,,,,,,,,,,,,,,
[CARBON60 LTD,79620000,,,,,,,,,,,,,,,,
[Ove Arup & Partners Limited,73000000,,,,,,,,,,,,,,,,
[LA INTERNATIONAL COMPUTER CONSULTANTS LTD,79620000,,,,,,,,,,,,,,,,
[LA INTERNATIONAL COMPUTER CONSULTANTS LTD,79620000,,,,,,,,,,,,,,,,
[Cavendish Nuclear Limited,73000000,,,,,,,,,,,,,,,,
[Capita Business Services,73000000,,,,,,,,,,,,,,,,
[LA INTERNATIONAL COMPUTER CONSULTANTS LTD,79620000,,,,,,,,,,,,,,,,
[SMARTSOURCING PLC,79620000,,,,,,,,,,,,,,,,
[Ove Arup & Partners Limited,73000000,,,,,,,,,,,,,,,,
[LA INTERNATIONAL COMPUTER CONSULTANTS LTD,79620000,,,,,,,,,,,,,,,,
[William Gough & Sons,45453000,,,,,,,,,,,,,,,,
[MASTA LTD,33651600,,,,,,,,,,,,,,,,
[STYLUS TRANSLATION (PHILIPPE GALINIER),79530000,,,,,,,,,,,,,,,,
[UCT LTD,72261000,,,,,,,,,,,,,,,,
[Eversheds,73000000,,,,,,,,,,,,,,,,
[CORPORATE PROJECT SOLUTIONS LTD,48822000,,,,,,,,,,,,,,,,
[TUV SUD LIMITED,73000000,,,,,,,,,,,,,,,,
[RIDGE AND PARTNERS LLP,71352100,,,,,,,,,,,,,,,,
[AECOM LIMITED,71352100,,,,,,,,,,,,,,,,
[Capita Business Services,73000000,,,,,,,,,,,,,,,,
[SUNBIRD SUPPORT SERVICES (PTY) LTD,50000000,,,,,,,,,,,,,,,,
[ALJODIX LTD,71352100,,,,,,,,,,,,,,,,
[TRENTON FIRE LTD,71317200,,,,,,,,,,,,,,,,
[SALESFORCE.COM EMEA LTD,48822000,,,,,,,,,,,,,,,,
[COMPAREX UK LTD,48000000,,,,,,,,,,,,,,,,
[BOTANICS TRADING CO LTD,3452000,,,,,,,,,,,,,,,,
[NATIONAL AIR CARGO (NEDERLAND) B.V.,34711400,,,,,,,,,,,,,,,,
[BSI CYBERSECURITY AND INFORMATION RESILIENCE (UK) LTD,79710000,,,,,,,,,,,,,,,,
[PurchasingEnquiries@fco.gov.uk,72245000,,,,,,,,,,,,,,,,
[COMPUTACENTER UK LTD,44316400,48000000,,,,,,,,,,,,,,,
[CSL - KPMG LLP,80420000,,,,,,,,,,,,,,,,
[Fairview Health Ltd,85149000,,,,,,,,,,,,,,,,
[SB Autocare (Wellingborough) Ltd,50112000,,,,,,,,,,,,,,,,
[The Inform Team Limited,72000000,,,,,,,,,,,,,,,,
[FORD MOTOR COMPANY LTD TRUST A/C,34000000,60112000,,,,,,,,,,,,,,,
[METHODS BUSINESS AND DIGITAL TECHNOLOGY LIMITED,48822000,,,,,,,,,,,,,,,,
[CONCEPT BUILDING SERVICES SOUTHERN LTD,45453100,,,,,,,,,,,,,,,,
[CONCEPT BUILDING SERVICES SOUTHERN LTD,45453100,,,,,,,,,,,,,,,,
[PDP PROJECTS LIMITED,71315000,,,,,,,,,,,,,,,,
[NORDRI LTD,31127000,45311200,,,,,,,,,,,,,,,
[FORD MOTOR COMPANY LTD TRUST A/C,34000000,60112000,,,,,,,,,,,,,,,
[FORD MOTOR COMPANY LTD TRUST A/C,34000000,60112000,,,,,,,,,,,,,,,
[FORD MOTOR COMPANY LTD TRUST A/C,34000000,60112000,,,,,,,,,,,,,,,
[FORD MOTOR COMPANY LTD TRUST A/C,34000000,60112000,,,,,,,,,,,,,,,
[FORD MOTOR COMPANY LTD TRUST A/C,34000000,60112000,,,,,,,,,,,,,,,
[EVODIA LIMITED,72221000,,,,,,,,,,,,,,,,
[DUN & BRADSTREET LIMITED,79980000,,,,,,,,,,,,,,,,
[Plumbing & Heating Services (Staffs) Ltd,45000000,,,,,,,,,,,,,,,,
[G Evans (Services) Ltd,45000000,,,,,,,,,,,,,,,,
[Dawkes,44113000,71420000,,,,,,,,,,,,,,,
[R G Carter,45000000,71540000,,,,,,,,,,,,,,,
[Tigerspike Limited,48000000,48400000,48510000,48482000,,,,,,,,,,,,,
[BROWSER LONDON LTD,72413000,,,,,,,,,,,,,,,,
[JAGUAR LAND ROVER LIMITED,34000000,60100000,,,,,,,,,,,,,,,
[HELLMANN WORLDWIDE LOGISTICS LTD,34130000,60100000,,,,,,,,,,,,,,,
[MORSON INTERNATIONAL,71356000,,,,,,,,,,,,,,,,
[Dawkes & Co Ltd,45340000,,,,,,,,,,,,,,,,
[MORSON INTERNATIONAL,71356000,,,,,,,,,,,,,,,,
[SPECIALIST COMPUTER CENTRES PLC,30200000,,,,,,,,,,,,,,,,
[HELLMANN WORLDWIDE LOGISTICS LTD,34130000,60100000,,,,,,,,,,,,,,,
[ALMEC EAS LTD,35721000,,,,,,,,,,,,,,,,
[SPECIALIST COMPUTER CENTRES PLC,30200000,,,,,,,,,,,,,,,,
[MORSON INTERNATIONAL,71356000,,,,,,,,,,,,,,,,
[NEXOR,48822000,,,,,,,,,,,,,,,,
[CERTES COMPUTING LTD,72224000,,,,,,,,,,,,,,,,
[SPECIALIST COMPUTER CENTRES PLC,30200000,,,,,,,,,,,,,,,,
[Remit Consulting Limited,72150000,,,,,,,,,,,,,,,,
[Deloitte LLP,72224000,79400000,,,,,,,,,,,,,,,
[Central Taxis Ltd T/A Go Carz,60000000,,,,,,,,,,,,,,,,
[A T Brown (Coaches) Ltd,60000000,,,,,,,,,,,,,,,,
[Central Taxis Ltd T/A Go Carz,60000000,,,,,,,,,,,,,,,,
[XMA LIMITED,72222300,,,,,,,,,,,,,,,,
[VEOLIA WATER TECHNOLGIES,42912300,,,,,,,,,,,,,,,,
[OPCARE LIMITED,85000000,,,,,,,,,,,,,,,,
[ASHTON COURT GROUP LIMITED,72224000,,,,,,,,,,,,,,,,
[ASHTON COURT GROUP LIMITED,72222300,,,,,,,,,,,,,,,,
[INSIGHT DIRECT (UK) LTD,72222300,,,,,,,,,,,,,,,,
[University of Stirling,73000000,,,,,,,,,,,,,,,,
[VADOR SECURITY SYSTEMS LIMITED,45000000,,,,,,,,,,,,,,,,
[UK Docks Marine Services,50241000,,,,,,,,,,,,,,,,
[JBA Consulting,73110000,,,,,,,,,,,,,,,,
[Capital Conflict Management,85312300,85312320,98000000,,,,,,,,,,,,,,
[SPECIALIST COMPUTER CENTRES PLC,30231000,,,,,,,,,,,,,,,,
[CAMMELL LAIRD SHIPREPAIRERS & SHIPBUILDERS LIMITED,50241000,,,,,,,,,,,,,,,,
[A&P GROUP LIMITED,50241000,,,,,,,,,,,,,,,,
[CAMMELL LAIRD SHIPREPAIRERS & SHIPBUILDERS LIMITED,50241000,,,,,,,,,,,,,,,,
[P K ELECTRICAL (CARLISLE) LIMITED,45000000,,,,,,,,,,,,,,,,
[Heather Downey,79000000,,,,,,,,,,,,,,,,
[THE WAY DESIGN LTD,79000000,,,,,,,,,,,,,,,,
[INTEGRATED TRANSPORT PLANNING LIMITED,71311200,,,,,,,,,,,,,,,,
[GMS Security Services Limited,79713000,,,,,,,,,,,,,,,,
[Davis & Hadwin Ltd,45000000,,,,,,,,,,,,,,,,
[Lear,73110000,79311400,,,,,,,,,,,,,,,
[3tc Software,48000000,48100000,,,,,,,,,,,,,,,
[WSP,73000000,,,,,,,,,,,,,,,,
[Mobysoft Ltd,48000000,,,,,,,,,,,,,,,,
[WSP,73000000,,,,,,,,,,,,,,,,
[Arcadis,73000000,,,,,,,,,,,,,,,,
[Learning Pool Limited,48000000,,,,,,,,,,,,,,,,
[Frontline Data Ltd,72000000,,,,,,,,,,,,,,,,
[MK40 Architects Ltd,71221000,71313200,71420000,,,,,,,,,,,,,,
[BIOCHEMICA WATER LIMITED,50512000,50513000,50712000,,,,,,,,,,,,,,
[Axiom Group Ltd,39531000,39534000,,,,,,,,,,,,,,,
[Cumbria Chamber of Commerce and Industry Ltd,79400000,79410000,66171000,79413000,79415000,79419000,79414000,79412000,79416000,79417000,79418000,,,,,,
[Airwave Solutions Ltd,35710000,35711000,42961000,,,,,,,,,,,,,,
[INSIGHT DIRECT (UK) LTD,48000000,,,,,,,,,,,,,,,,
[Investors In People,80000000,,,,,,,,,,,,,,,,
[Lea Vale Medical Group,85120000,,,,,,,,,,,,,,,,
[Meisterworks Ltd,73000000,,,,,,,,,,,,,,,,
[CACI Ltd,71356200,,,,,,,,,,,,,,,,
[GT SEALANTS LTD,71310000,,,,,,,,,,,,,,,,
[Vertigo Ventures,48000000,,,,,,,,,,,,,,,,
[Little Forest Ltd,72000000,,,,,,,,,,,,,,,,
[WYG Engineering Limited,79300000,,,,,,,,,,,,,,,,
[Goodfellow Builders Ltd,45453100,,,,,,,,,,,,,,,,
[TYNETEC LIMITED,98000000,,,,,,,,,,,,,,,,
[Kings Centre Southall,80510000,,,,,,,,,,,,,,,,
[GB GROUP PLC,48000000,,,,,,,,,,,,,,,,
[Veolia ES (UK) Limited,90500000,,,,,,,,,,,,,,,,
[QBE Insurance via RMP,66510000,66512100,66514110,66516000,66516100,66516400,66516500,66519200,,,,,,,,,
[Prestige Cars,60000000,,,,,,,,,,,,,,,,
[CURRIE & BROWN UK LIMITED,44000000,45000000,71000000,,,,,,,,,,,,,,
[JR Landscaping and Property Maintenance,45112720,,,,,,,,,,,,,,,,
[Configured Things Limited,32412000,,,,,,,,,,,,,,,,
[CANON (U K) LTD,30000000,,,,,,,,,,,,,,,,
[Enviromontel,45000000,,,,,,,,,,,,,,,,
[PTV (UK) Ltd,48000000,,,,,,,,,,,,,,,,
[Shimadzu UK ltd,38000000,,,,,,,,,,,,,,,,
[IQVIA SOLUTIONS UK LIMITED,72000000,,,,,,,,,,,,,,,,
[Association For Project Management,72224000,,,,,,,,,,,,,,,,
[GOVERNMENT LEGAL DEPARTMENT,79111000,,,,,,,,,,,,,,,,
[Cambridge Dial a Ride,60000000,,,,,,,,,,,,,,,,
[Lindum,45000000,,,,,,,,,,,,,,,,
[ilasco Ltd,35113470,35811100,35811200,35812000,,,,,,,,,,,,,
[Faithful and Gould Ltd,71324000,,,,,,,,,,,,,,,,
[Headland Archaeology (UK) Ltd,71351000,,,,,,,,,,,,,,,,
[ARTHUR J. GALLAGHER INSURANCE BROKERS LIMITED,66510000,,,,,,,,,,,,,,,,
[Central Taxis Ltd T/A Go Carz,60000000,,,,,,,,,,,,,,,,
[Robert Heath Heating Limited,50720000,,,,,,,,,,,,,,,,
[DCSL Software,72000000,,,,,,,,,,,,,,,,
[Not Awarded,48100000,48600000,,,,,,,,,,,,,,,
[EE Keen & Sons,45000000,,,,,,,,,,,,,,,,
[Devonshire Solicitors LLP,79100000,,,,,,,,,,,,,,,,
[Forbes Solicitors,79100000,,,,,,,,,,,,,,,,
[Capsticks Solicitors LLP,79100000,,,,,,,,,,,,,,,,
[Imperial Civil Enforcement Solutions Ltd,34000000,,,,,,,,,,,,,,,,
[Opinion Research Services Ltd,75123000,,,,,,,,,,,,,,,,
[Interclean Estate Management Services,90919200,,,,,,,,,,,,,,,,
[Changing Health Limited,85000000,,,,,,,,,,,,,,,,
[John Lee,79421100,,,,,,,,,,,,,,,,
[John Lee,79421100,,,,,,,,,,,,,,,,
[NAREC DISTRIBUTED ENERGY LIMITED,71314300,,,,,,,,,,,,,,,,
[FCC Environment (UK) Limited,90530000,,,,,,,,,,,,,,,,
[Fortem Solutions Ltd,44115500,45343230,,,,,,,,,,,,,,,
[Roland Hill Ltd,45000000,,,,,,,,,,,,,,,,
[Peopletoo & Upside Projects Ltd,72222000,,,,,,,,,,,,,,,,
[55th Parallel,48900000,72222300,,,,,,,,,,,,,,,
[Anglian Windows,45421100,45421111,,,,,,,,,,,,,,,
[Anglian Windows,45421100,45421110,,,,,,,,,,,,,,,
[LUC,71410000,,,,,,,,,,,,,,,,
[Ablemix Ltd,34929000,,,,,,,,,,,,,,,,
[MINTTWIST LIMITED,79340000,,,,,,,,,,,,,,,,
[23RED LIMITED,79340000,,,,,,,,,,,,,,,,
[IMC Worldwide,73000000,,,,,,,,,,,,,,,,
[The AD Construction Group (Architectural Decorators Ltd),45453100,,,,,,,,,,,,,,,,
[SOPRA STERIA LIMITED,48900000,,,,,,,,,,,,,,,,
[Deloitte LLP,79212000,79410000,,,,,,,,,,,,,,,
[Sandhills Management Consultancy Ltd,79421100,,,,,,,,,,,,,,,,
[John Lee,79421100,,,,,,,,,,,,,,,,
[Central Taxis Ltd T/A Go Carz,60000000,,,,,,,,,,,,,,,,
[Sandhills Management Consultancy Ltd,79421100,,,,,,,,,,,,,,,,
[M & B Minibuses Ltd,60000000,,,,,,,,,,,,,,,,
[T K Play,43325000,,,,,,,,,,,,,,,,
[Keston Technologies Ltd,79421100,,,,,,,,,,,,,,,,
[Sandhills Management Consultancy Ltd,79421100,,,,,,,,,,,,,,,,
[TOLENT CONSTRUCTION LIMITED,45210000,,,,,,,,,,,,,,,,
[Munters de Mexico,42113161,42716200,,,,,,,,,,,,,,,
[JCSys Ltd,71356300,,,,,,,,,,,,,,,,
[Clarion Housing Group,72220000,,,,,,,,,,,,,,,,
[DMC Wailing Limited,71310000,,,,,,,,,,,,,,,,
[Veracity OSI UK Limited,72600000,,,,,,,,,,,,,,,,
[TRACKS LASER,38636100,42300000,42623000,42636100,,,,,,,,,,,,,
[HITACHI HIGH-TECHNOLOGIES EUROPE GMBH,38510000,38511000,,,,,,,,,,,,,,,
[Workday,48000000,,,,,,,,,,,,,,,,
[Park Inn Radisson,55120000,,,,,,,,,,,,,,,,
[Norbit Subsea As,79311000,,,,,,,,,,,,,,,,
[Seahorse Innovations Limited,79421000,,,,,,,,,,,,,,,,
[Bytes Security Partnerships Ltd,48730000,,,,,,,,,,,,,,,,
[BRAMBLE HUB LIMITED,72222300,,,,,,,,,,,,,,,,
[INSIGHT DIRECT (UK) LTD,72222300,,,,,,,,,,,,,,,,
[Harris Corporation,48000000,,,,,,,,,,,,,,,,
[Lloyds Register Quality Assurance,79132000,,,,,,,,,,,,,,,,
[Mintel Group Limited,72300000,,,,,,,,,,,,,,,,
[Seahorse Innovations Limited,79421100,,,,,,,,,,,,,,,,
[COMPAREX UK LIMITED,72222300,,,,,,,,,,,,,,,,
[Blue Communications Limited,79341400,,,,,,,,,,,,,,,,
[EXPERIS LIMITED,72222300,,,,,,,,,,,,,,,,
[THE HUB CONSULTING LIMITED,32321200,39100000,45000000,48000000,92521100,,,,,,,,,,,,
[Impact Law for Social Justice,98200000,79315000,,,,,,,,,,,,,,,
[NCC GROUP PLC,72000000,,,,,,,,,,,,,,,,
[INSIGHT DIRECT (UK) LTD,72222300,,,,,,,,,,,,,,,,
[SPECIALIST COMPUTER CENTRES PLC,72222300,,,,,,,,,,,,,,,,
[WAVEMAKER LIMITED,79341400,,,,,,,,,,,,,,,,
[Blakedown Landscapes SE Ltd,71421000,,,,,,,,,,,,,,,,
[J T Dove,44111700,,,,,,,,,,,,,,,,
[Ultracardiac Limited,85100000,,,,,,,,,,,,,,,,
[INSIGHT DIRECT (UK) LTD,72222300,,,,,,,,,,,,,,,,
[PPG Architectural Coatings Limited,39224210,44800000,,,,,,,,,,,,,,,
[Ameo Professional Services Ltd,79400000,73210000,79414000,72000000,73200000,79411000,80500000,72224000,79410000,72221000,79411100,,,,,,
[Central Taxis Ltd T/A Go Carz,60000000,,,,,,,,,,,,,,,,
[PricewaterhouseCooper,79000000,,,,,,,,,,,,,,,,
[NEW FOREST FARM MACHINERY LIMITED,16000000,,,,,,,,,,,,,,,,
[Optimum Group Services PLC,50800000,,,,,,,,,,,,,,,,
[ROYAL ARMOURIES TRADING AND ENTERPRISES LIMITED,80000000,,,,,,,,,,,,,,,,
[Broomwell Healthwatch Ltd,85100000,,,,,,,,,,,,,,,,
[EW Beard Ltd,44221220,,,,,,,,,,,,,,,,
[VENN GROUP LIMITED,79620000,,,,,,,,,,,,,,,,
[Randstad HR Solutions Ltd,98000000,,,,,,,,,,,,,,,,
[Positive Signs Ltd,98000000,,,,,,,,,,,,,,,,
[405 CAB CO LTD,60000000,,,,,,,,,,,,,,,,
[Linkedin Ireland Unlimited Company,79600000,,,,,,,,,,,,,,,,
[Voucher Express / Hemingways Marketing Services Ltd,92300000,,,,,,,,,,,,,,,,
[Cocksedge,44000000,45000000,,,,,,,,,,,,,,,
[Minerva LLP,79600000,,,,,,,,,,,,,,,,
[a-tune Software AG,48000000,48100000,48170000,71900000,73111000,,,,,,,,,,,,
[W.G.WIGGINTON LIMITED,50532400,50711000,,,,,,,,,,,,,,,
[Daughter,79341400,92111210,79340000,,,,,,,,,,,,,,
[LEARNING POOL LIMITED,80420000,,,,,,,,,,,,,,,,
[CLOUD OFFSITE CONSTRUCTION LTD.,44211100,,,,,,,,,,,,,,,,
[Advantco International LLC,72222300,,,,,,,,,,,,,,,,
[ESYNERGY SOLUTIONS LIMITED,72000000,,,,,,,,,,,,,,,,
[NTT DATA SERVICES UK LIMITED,72000000,,,,,,,,,,,,,,,,
[Testing Circle,72000000,,,,,,,,,,,,,,,,
[COGNIZANT WORLDWIDE LIMITED,72000000,,,,,,,,,,,,,,,,
[OUTLANDISH LLP,72000000,,,,,,,,,,,,,,,,
[Silvermaple,80000000,,,,,,,,,,,,,,,,
[ELECTRONIC SECURITY SOLUTIONS LIMITED,31600000,,,,,,,,,,,,,,,,
[BARRIER NETWORKS LIMITED,72800000,,,,,,,,,,,,,,,,
[Academia Ltd,48300000,,,,,,,,,,,,,,,,
[Arkenford Ltd,79310000,,,,,,,,,,,,,,,,
[GOSS Interactive Ltd,48000000,,,,,,,,,,,,,,,,
[Transition Metals Ltd,14724000,14720000,,,,,,,,,,,,,,,
[Eric Wright Construction,45233100,45233130,,,,,,,,,,,,,,,
[IMC Worldwide Ltd,73000000,,,,,,,,,,,,,,,,
[KLH UK Ltd,45214400,44191200,,,,,,,,,,,,,,,
[Quantum Services,31000000,51000000,65000000,,,,,,,,,,,,,,
[CERTES COMPUTING LIMITED,79600000,,,,,,,,,,,,,,,,
[Nous Group (UK) Ltd,80000000,85000000,,,,,,,,,,,,,,,
[London Borough of Ealing,80000000,,,,,,,,,,,,,,,,
[PROCUREMENT HALTED,80000000,,,,,,,,,,,,,,,,
[NOT AWARDED,80000000,,,,,,,,,,,,,,,,
[Centre for Pharmacy Postgraduate Education (CPPE),80000000,,,,,,,,,,,,,,,,
[Compass - Services to Tackle Problem Drug Use,80000000,,,,,,,,,,,,,,,,
[Eversheds Sutherland,79100000,,,,,,,,,,,,,,,,
[Industrial Maintenance Supplies (Leicester) Ltd,33711900,33741300,39830000,98320000,,,,,,,,,,,,,
[CFE (RESEARCH AND CONSULTING) LIMITED,73110000,,,,,,,,,,,,,,,,
[Currie & Brown,71500000,,,,,,,,,,,,,,,,
[Sheffield Hallam University,73000000,79000000,,,,,,,,,,,,,,,
[ASHURST LLP,79100000,,,,,,,,,,,,,,,,
[G R Hayes Logistics,64120000,,,,,,,,,,,,,,,,
[Make Your Way CIC,39140000,,,,,,,,,,,,,,,,
[MTI Technology Ltd,48800000,,,,,,,,,,,,,,,,
[TMP (UK) LIMITED,79340000,,,,,,,,,,,,,,,,
[Jasmine Consulting (UK) Limited,71311210,,,,,,,,,,,,,,,,
[1st ace cars,60120000,60140000,60130000,60170000,60112000,,,,,,,,,,,,
[North Midland Construction PLC,45000000,71400000,71500000,,,,,,,,,,,,,,
[Environmental Measurements Limited (EML),38400000,34970000,38120000,38550000,38293000,38344000,,,,,,,,,,,
[BIP SOLUTIONS LIMITED,48000000,,,,,,,,,,,,,,,,
[MCHALE CONTRACTS AND PLANT ENVIRONMENTAL LLP,45262660,90650000,,,,,,,,,,,,,,,
[Sharpe Pritchard LLP,79100000,,,,,,,,,,,,,,,,
[K D C Contractors Limited,45111000,45111100,45110000,,,,,,,,,,,,,,
[Primesight,79341000,,,,,,,,,,,,,,,,
[Peel Electrical,31530000,,,,,,,,,,,,,,,,
[This contract has not been awarded,42400000,44115600,45351000,50750000,51511000,,,,,,,,,,,,
[MongoDB Ltd,72000000,,,,,,,,,,,,,,,,
[Willis Ltd,66514110,,,,,,,,,,,,,,,,
[The Dexttrous Web Ltd,48825000,,,,,,,,,,,,,,,,
[IDVERDE LIMITED,77314000,,,,,,,,,,,,,,,,
[Illingworth & Gregory Ltd,45262700,,,,,,,,,,,,,,,,
[Turner & Townsend,79415200,,,,,,,,,,,,,,,,
[G4S HEALTH SERVICES (UK) LIMITED,85100000,,,,,,,,,,,,,,,,
[Fairhurst,79415200,,,,,,,,,,,,,,,,
[LONDON SUSTAINABILITY EXCHANGE,80000000,,,,,,,,,,,,,,,,
[RPS Consulting,79415200,,,,,,,,,,,,,,,,
[ENGIE SERVICES LIMITED,79993000,,,,,,,,,,,,,,,,
[Howarth Litchfield Partnership,44190000,,,,,,,,,,,,,,,,
[Vodafone Ltd,32252100,,,,,,,,,,,,,,,,
[Tim's Transport Ltd.,60120000,60140000,60130000,60170000,60112000,,,,,,,,,,,,
[Lancaster Consulting,80530000,,,,,,,,,,,,,,,,
[Idox Software Ltd,48000000,,,,,,,,,,,,,,,,
[Link Financial Outsourcing Ltd,66170000,,,,,,,,,,,,,,,,
[See attached list,80000000,,,,,,,,,,,,,,,,
[Slung Low,92000000,,,,,,,,,,,,,,,,
[Boutinot Wines,15930000,,,,,,,,,,,,,,,,
[HODGSON SAYERS LIMITED,45000000,,,,,,,,,,,,,,,,
[Made Television Ltd,79000000,,,,,,,,,,,,,,,,
[SAP (UK) LIMITED,48621000,,,,,,,,,,,,,,,,
[Kone,42416100,,,,,,,,,,,,,,,,
[Kone,42416100,,,,,,,,,,,,,,,,
[REUTERS LIMITED,48612000,,,,,,,,,,,,,,,,
[REUTERS LIMITED,72322000,,,,,,,,,,,,,,,,
"[Cheltenham Town Community, Education & Sporting Trust ltd",98300000,85140000,,,,,,,,,,,,,,,
[AIR PARTNER PLC,60423000,,,,,,,,,,,,,,,,
[Chubb Fire and Security Ltd,98395000,,,,,,,,,,,,,,,,
[Chubb Fire and Security Ltd,98395000,,,,,,,,,,,,,,,,
[GE HEALTHCARE UK LIMITED,33113100,33793000,,,,,,,,,,,,,,,
[Bidfood,15910000,,,,,,,,,,,,,,,,
[RECOOP,75231230,,,,,,,,,,,,,,,,
[Actual Analytics,73100000,,,,,,,,,,,,,,,,
[Windsor Scientific Ltd,38510000,,,,,,,,,,,,,,,,
[Gleeds Management Services Ltd,71241000,,,,,,,,,,,,,,,,
[AGILITY PROJECT LOGISTICS LIMITED,60423000,,,,,,,,,,,,,,,,
[AIR CHARTER SERVICE LIMITED,60423000,,,,,,,,,,,,,,,,
[Robinson Low Francis LLP,71241000,,,,,,,,,,,,,,,,
[Bri-Stor Systems Ltd,50117100,,,,,,,,,,,,,,,,
[Pricewaterhousecoopers,80521000,,,,,,,,,,,,,,,,
[SOFTWARE BOX LIMITED,71356200,,,,,,,,,,,,,,,,
[RELIANCE HIGH-TECH LIMITED,85000000,,,,,,,,,,,,,,,,
[Sysco Business Skills Academy,80000000,,,,,,,,,,,,,,,,
[Tavistock Institute of Human Relations,79400000,,,,,,,,,,,,,,,,
[ERNST & YOUNG LLP,72224000,,,,,,,,,,,,,,,,
[EVOLUTIO CARE INNOVATIONS LIMITED,85100000,,,,,,,,,,,,,,,,
[Atkins/CH2M,73000000,,,,,,,,,,,,,,,,
[PARITY PROFESSIONALS LIMITED,79600000,,,,,,,,,,,,,,,,
[Novus Property Solutions Ltd.,44221000,44221100,44221110,45421112,45421132,,,,,,,,,,,,
[COMPUTACENTER (UK) LIMITED,30000000,,,,,,,,,,,,,,,,
[A & B Engineering LTD,45310000,,,,,,,,,,,,,,,,
[NRB Construction Management Ltd.,45453100,,,,,,,,,,,,,,,,
[FP Processing Ltd,15500000,,,,,,,,,,,,,,,,
[Medacx Limited,38430000,,,,,,,,,,,,,,,,
[Newsome Ltd,45331210,45331200,45331000,,,,,,,,,,,,,,
[Wickham Laboratories Ltd,73000000,,,,,,,,,,,,,,,,
[Grant Thornton UK LLP,66171000,,,,,,,,,,,,,,,,
[A.E. Duffield & Sons Ltd,45233251,,,,,,,,,,,,,,,,
[Pinsent Mason,79100000,,,,,,,,,,,,,,,,
[Wilmott Dixon Construction Limited,44000000,,,,,,,,,,,,,,,,
[Nopinz Ltd,18000000,,,,,,,,,,,,,,,,
[Reed Momenta,98334000,,,,,,,,,,,,,,,,
[CH Power Tools,18000000,18400000,18800000,33700000,35113000,,,,,,,,,,,,
[Acoustics Noise and Vibration (ANV) Limited,38344000,38434300,,,,,,,,,,,,,,,
[Edenred,79990000,,,,,,,,,,,,,,,,
[Ridgeway Furniture,51510000,,,,,,,,,,,,,,,,
[HARTLEY MCMASTER LIMITED,72000000,,,,,,,,,,,,,,,,
[Calder World Of Travel,63516000,,,,,,,,,,,,,,,,
[Mott McDonald,71311210,,,,,,,,,,,,,,,,
[Polar NE Ltd,44221000,,,,,,,,,,,,,,,,
[Calder Conferences Limited,63516000,,,,,,,,,,,,,,,,
[Addison Motors t/a Lookers Ford,34100000,,,,,,,,,,,,,,,,
[RSM Risk Assurances Ltd,79212000,,,,,,,,,,,,,,,,
